{"sampling splice":{"0":0.03,"1":0.04,"2":0.05,"3":0.06,"4":0.07,"5":0.08,"6":0.09,"7":0.1,"8":0.11,"9":0.12,"10":0.13,"11":0.14,"12":0.15,"13":0.16,"14":0.17,"15":0.18,"16":0.19,"17":0.2,"18":0.21,"19":0.22,"20":0.23,"21":0.24,"22":0.25,"23":0.26,"24":0.27,"25":0.28,"26":0.29,"27":0.3,"28":0.31,"29":0.32,"30":0.33,"31":0.34,"32":0.35,"33":0.36,"34":0.37,"35":0.38,"36":0.39,"37":0.4,"38":0.41,"39":0.42,"40":0.43,"41":0.44,"42":0.45,"43":0.46,"44":0.47,"45":0.48,"46":0.49,"47":0.5,"48":0.51,"49":0.52,"50":0.53,"51":0.54,"52":0.55,"53":0.56,"54":0.57,"55":0.58,"56":0.59,"57":0.6,"58":0.61,"59":0.62,"60":0.63,"61":0.64,"62":0.65,"63":0.66,"64":0.67,"65":0.68,"66":0.69,"67":0.7,"68":0.71,"69":0.72,"70":0.73,"71":0.74,"72":0.75,"73":0.76,"74":0.77,"75":0.78,"76":0.79,"77":0.8,"78":0.81,"79":0.82,"80":0.83,"81":0.84,"82":0.85,"83":0.86,"84":0.87,"85":0.88,"86":0.89,"87":0.9,"88":0.91,"89":0.92,"90":0.93,"91":0.94,"92":0.95,"93":0.96,"94":0.97,"95":0.98,"96":0.99,"97":1.0},"magnetic susceptibility":{"0":0.2878,"1":0.33403,"2":0.38695,"3":0.44176,"4":0.47379,"5":0.48347,"6":0.48359,"7":0.49334,"8":0.52021,"9":0.53582,"10":0.53984,"11":0.5435,"12":0.55488,"13":0.57009,"14":0.57897,"15":0.56686,"16":0.55145,"17":0.56601,"18":0.59634,"19":0.62699,"20":0.65052,"21":0.66498,"22":0.67928,"23":0.69071,"24":0.69802,"25":0.70637,"26":0.71708,"27":0.72796,"28":0.73375,"29":0.7312,"30":0.72321,"31":0.71069,"32":0.69478,"33":0.67966,"34":0.66176,"35":0.63826,"36":0.61929,"37":0.60204,"38":0.58006,"39":0.55612,"40":0.53873,"41":0.53523,"42":0.53718,"43":0.53531,"44":0.52847,"45":0.51898,"46":0.50617,"47":0.50065,"48":0.4997,"49":0.50877,"50":0.51584,"51":0.52661,"52":0.533,"53":0.53809,"54":0.54465,"55":0.55554,"56":0.56485,"57":0.57063,"58":0.57254,"59":0.57221,"60":0.57823,"61":0.59442,"62":0.61907,"63":0.63926,"64":0.63655,"65":0.64444,"66":0.68198,"67":0.70459,"68":0.70217,"69":0.68692,"70":0.67629,"71":0.67249,"72":0.67074,"73":0.66887,"74":0.66918,"75":0.67396,"76":0.67951,"77":0.68499,"78":0.69585,"79":0.71893,"80":0.74463,"81":0.77193,"82":0.80371,"83":0.82958,"84":0.84497,"85":0.8526,"86":0.8571,"87":0.8593,"88":0.85752,"89":0.85418,"90":0.85485,"91":0.85694,"92":0.85782,"93":0.86004,"94":0.86642,"95":0.87793,"96":0.88604,"97":0.8881}}